### 707682418869534801
thanh_v_ho@hotmail.com:phucat	Name 
brandonwhitby@gmail.com:tree2009	N
jkoginos@live.com:Shasta1	Name = Ja
optimann@optonline.net:21312131	Name 
truehornet03@gmail.com:bailey03	Name 
haikaljunaidi@yahoo.com.sg:bagel1234
monicajae@gmail.com:r6g26p	Name = GO
omar_shenawi@hotmail.com:Alsh1212	N
romdog@cox.net:packers99	Name = Ib
helmspaulb@live.com:catfish1	Name 
whoisyasin@gmail.com:lakers24	Name 
SUDDABY2003@YAHOO.COM:peter2112	Name 
marcus.thomas12@bigpond.com:rss3952	N
haakboy1314@gmail.com:Tankman10	Name 
charlie_gallop@yahoo.com:rkZ1995	N
talon1978@googlemail.com:tomoline1	N
wesbalmer@gmail.com:c4afr3hq	Name 
laken.dutcher@gmail.com:laken000	N
torengregory@hotmail.com:sochi927	N
jax.e.max01@gmail.com:zupfishing	N
nicolasfreslon@hotmail.com:nicolas98
nstines11@gmail.com:nathan77	Name 
hehljo@gmail.com:sichlor1	Name = Sc
pike888@gmail.com:zeljo8	Name = pi
akkuschwach@gmx.de:nailik05	Name = Jo
emrulhaque@gmail.com:arsenal69	Name 
diverselion@yahoo.ca:Woodys12	Name 
kingdavig@gmail.com:buff1115	Name 
soulstorm999@gmail.com:sindra52	Name 
aceooooooooo@yahoo.com:randy0423	N
megafranchi@yahoo.es:duarte27	Name 
sup3rkirby@yahoo.com:stn12341	Name 
huthaifa.alhamad@gmail.com:in87flames
redjudge@gmail.com:lyy1303	Name = Re
longy394@outlook.com:soccer78	Name 
mandy.garcia89@gmail.com:mandy1989	N
aseriesoflettersandnumbers@yahoo.com:
diqblo7@gmail.com:vicecity	Name = Di
t3tra.m@gmail.com:js74xtgw	Name = te
aquarius121989@gmail.com:huyuutu	N
adamszalma@hotmail.com:adam2000	Name 
scottfruh@gmail.com:lysergic1	Name 
acebycc1@hotmail.com:898989	Name = Ac
paulhoffman111@gmail.com:sara01	Name 
fryguy_1999@yahoo.com:sanchez1	Name 
ajvandevoorde@gmail.com:jan12002	N
duyn1337@gmail.com:kelvin50	Name = Du
joshua.kr-ger@hotmail.de:Mrjoshi1	N
micheledimarzo_2013@libero.it:inimare
mike.yaccino@yahoo.com:monk8227	Name 
arrie555@hotmail.com:leeuw555	Name 
cptbloodd@gmail.com:woland1	Name = Cp
jasand60@gmail.com:wineman007	Name 
155_121@web.de:1mactim2	Name = Lucy	R
alperertem@gmail.com:afroman41	Name 
david-murray-07@hotmail.co.uk:claire8
borjavillora@hotmail.com:divino96	N
joshsomething2@gmail.com:helenshot	N
kiki.69009@hotmail.fr:kikijnaga	Name 
eraysahin@hotmail.de:ayaz2006	Name 
hugoenergized@gmail.com:exeplorer	N
harigmanne@gmail.com:xbox3301	Name 
andrejco@comcast.net:michael1	Name 
kevinne_1102@yahoo.com.ph:uvwq5537	N
mathieu.crasnier@laposte.net:11031997
showmito_showmito@hotmail.com:123qwea
iimstephanie@yahoo.com:lakers888	N
b2e1n93@hotmail.com:jacob1999	Name 
alexandrualecu2000@gmail.com:mamietar
sghorton92@gmail.com:Heather1	Name 
jokubas512@gmail.com:jokubas12	Name 
alperdeger06@gmail.com:black0636	N
jperez8765@yahoo.com:avkr4xcv	Name 
kapaggelos@hotmail.com:Magas2001	N2016	Chips = $14665746
cubbywalkerjr@gmail.com:cuwlkr27	N
banksy101@gmail.com:lks95rfl	Name 
milkislegit@gmail.com:gome516e	Name 
minrva@hotmail.fr:aventur3	Name = Ca
pej2002@aol.com:magic641	Name = Mr
micha@istweg.eu:r2d2c3po	Name = Ro
sordadaa@gmail.com:21october	Name 
equintieri@att.net:Everett31	Name 
jamtigerlover@optonline.net:crapit11
wowhab@hotmail.de:schildi1	Name = Wo
vincentlam713@gmail.com:Vae3eena	N
stefandinic24@gmail.com:stefi666	N
izual89@hotmail.com:890516iz	Name 
ramfloors@gmail.com:scrotum01	Name 
qarmazbooks@gmail.com:Tweety	Name 
Luvthepets@sympatico.ca:tuppence	N
guppusmail@gmail.com:plymouth	Name 
electroblade49@yahoo.com:jades139	N
mccluskeyster@gmail.com:btlemc36	N
the_shaunz@hotmail.com:ericsean1	N
trevorsin@hotmail.com:fox182	Name 
seanandreisabino@gmail.com:pololoko	N
anourthe@gmail.com:lapi2109	Name = mo
fab0668@hotmail.fr:vanille68	Name 
koty0214@gmail.com:crystal7	Name = Wi
kainekrauwer@hotmail.com:1234hvhv	N
adnanja@live.com:mohamed1994	Name 
alexsem9394@gmail.com:bmw123	Name 
vguerrier@yahoo.fr:bafmax	Name = St
vincentagustin@hotmail.com:fashon	N
biomap.jr@gmail.com:Clemson1	Name 
manyboy971@hotmail.fr:kenny971	Name 
manie.visser@gmail.com:frodo1	Name 
pattonrasavong@gmail.com:pocola82	N
freddy_rml10@hotmail.com:computer	N
nastyraperu@gmail.com:dexter	Name 
kevintacuri123@hotmail.com:april417	N
baloo1998@gmail.com:6copains	Name 
j.w.collins@hotmail.co.uk:wwe007666	N
tornado94@o2.pl:Haselko11	Name = Jo
daren_whitaker@yahoo.com:tsgt10328	N
toxicdonut@gmail.com:joenik81	Name 
galenleung78@gmail.com:4af3wd3s	Name 
h.mert009@hotmail.com:godzilla	Name 
unbekanntersean@live.de:oblivion	N
goetz_yannick@web.de:yannick11	Name 
tiago_carvalho@hotmail.fr:280995	N
hnrymarin@gmail.com:lololo69	Name 
fizerul84@gmail.com:angah123	Name 
xbox3bob@yahoo.com:hotwheels	Name 
gabriel-k@hotmail.de:mercedes	Name 
ardyhead@gmail.com:Vikings11	Name 
cyril176@hotmail.fr:angel91	Name = sa
meteyilmaz@mail.com:mete12345	Name 
jeremyu22@gmail.com:jeremy22	Name 
jfmcdaid@hotmail.co.uk:fergus16	Name 
chriscgl@yahoo.com:tedwill	Name = An
jacobclark8255@yahoo.com:diesel8255	N
ccialdini@gmail.com:6ripley6	Name 
doubledj886@hotmail.com:dom12345	N
theminecrafters@gmail.com:namanama1	N
sanser.khulow@yahoo.com:130779	Name 
matthiasshelp@gmail.com:barley99	N
bhiatt420@gmail.com:Conker11	Name 
devincop@yahoo.com:cop1ping	Name = Pe
pickstarrgames@gmail.com:Inna0522	N
majorvillalobos@gmail.com:major12	N
pankajgangwar@in.com:fast2010	Name 
yutaro.sekiguchi@gmail.com:yut420	N
william53142@gmail.com:psp53142	Name 
mykel.edwards@gmail.com:fatboi304	N
momjk81@hotmail.com:Mungoess1	Name 
megarazer@web.de:gina1996	Name = St
jfarro09@yahoo.com:recycle	Name = Ma
bmt1995@yahoo.com:Hijinks12	Name = An
rafaelmoraes97@hotmail.com:are3tkai	N
popo42_5@hotmail.fr:pauline42	Name 
afq9797@yahoo.com:kasha123	Name = Sn
edandsand1324@verizon.net:xa1vi1er3	N
perryloftis13@gmail.com:joker1234	N
thatsmymailrightnow@gmail.com:thatguy
quinnmalisow@yahoo.com:ivvt8cfn	Name 
luluckluluck@gmail.com:reglisse	Name 
ronaldwin@orange.fr:guitare	Name = ro
biggin312@gmail.com:donna312	Name 
denjonat@hotmail.com:aca12laan	Name 
clemyt62@live.fr:clemdu62	Name = Cl
raymelendez2800@yahoo.com:shwayze3	N
dotandalan99@virginmedia.com:dorothy4
erik.luene@gmail.com:Kire2001	Name 
talk2calebtb@gmail.com:shinonuma0909
jordanm.burt@gmail.com:ironmage1	N
dale.turnbull@gmx.com:ingen248	Name 
danmanifold@yahoo.com:devils	Name 
enternale@gmail.com:jules1962	Name 
larrygalvez@yahoo.com:cdcdcd	Name 
raheesmumtaz789@gmail.com:laptop123	N
geasyhd@gmail.com:123456789nbB	Name 
hannagulb@gmail.com:camidha9	Name 
thecrashish@hotmail.com:avenge85	N
pankopfconnor@gmail.com:level4242	N
mdwilliams03@gmail.com:lacrosse	Name 
hheei@live.no:bossenNr1	Name = ghost 
gonefishing2009@att.net:cdbri1514	N
omarainkarim@gmail.com:bobem123	Name 
unsyunsy@yahoo.co.uk:payden	Name = un
ps3-debaets@hotmail.com:dragon28	N
verynice06@hotmail.fr:bomberos	Name 
amhowerton52@gmail.com:pass52	Name 
antwon10@sbcglobal.net:malone24	Name 
patriciohernandezmari@hotmail.com:pat
kazimutkun@gmail.com:kzm11tsb	Name 
jp8205jp@gmail.com:madeline	Name = Hi
mildredaxel@yahoo.com:qwerty67	Name 
hafeez10@hotmail.co.uk:1998bola	Name 
sonicxangelo@gmail.com:xcinos111	N
tastet.jeremy@gmail.com:quj9quj2	N
ghostdog688@gmail.com:vfr080506	Name 
nwpentax@gmail.com:wouget01	Name = WO
zszsalem@gmail.com:zicotico	Name = Po
eden33335@gmail.com:1q2w3e4r	Name 
larsoveaarstad@gmail.com:larsove1	N
fergz8@live.com:mole123	Name = Fergy
chart1585@hotmail.com:bootsie85	Name 
Naceurknani@yahoo.fr:Nounou12	Name 
minecraftzuko@gmail.com:nicoleto	N
alex000096@yahoo.com:backspace1	Name =
ivanramirez913@yahoo.com:Ramirez32	Na
gelberboy@live.de:123kai	Name = Kai
manux96@hotmail.it:gianluca	Name = Tri
alessio_ernesto@t-online.de:7706betn
cory09876@gmail.com:portland1	Name =
thathotfella1@gmail.com:nathan909	Na
mrbacardi@libero.it:mammata44	Name =
golikbux@gmail.com:xxxxxx	Name = Gol
hadhar@live.com:aaaaaa	Name = I.M.Blu
renatofelixmartins@gmail.com:re271090
chipmaster2000nepo@gmail.com:Patapon2
dehix26@hotmail.fr:86wmzd31	Name = Hea
jaimemoralescamino@hotmail.com:jaime10
gabrielcon2009@hotmail.com:Tottenham2
awesomeguy217@yahoo.com:hayabusa	Na
ryan.j.arnold@hotmail.co.uk:Sampson1
gavinchan2000@gmail.com:zak12199	Na
theenzo@live.fr:Sanchez1	Name = MAS
sergi27salcedo@hotmail.com:THEbestOZ
nop94hack@hotmail.it:hacker	Name = Mav
smrcka.kilian@gmail.com:kino2004	Na
mrauzzieaustin@live.ca:kaysha88	Name =
george1_mike@hotmail.com:cooly125	Na
nicholasmwise@gmail.com:Bombpop37	Na
elie@meouchi.net:shutup007	Name = ...
lillylemons@hotmail.com:chloe7904	Na
waros40@gmail.com:hellgate	Name = Bul
superpaulito@gmail.com:argentine	Na
damian760reyes@yahoo.com:vdrca1	Name =
honfis@volny.cz:sniper123	Name = Clu
wim.nannings@xs4all.nl:1theater	Name =
wayne.fouts@yahoo.com:snoopdog3	Name =
projectpatuno@gmail.com:kakka007	Na
tung_leelee@yahoo.de:tung1408	Name =
pbrentlinger@gmail.com:epona12	Name =
overprepper@gmail.com:kardys1987	Na
brianbye@gmail.com:Arianne21	Name =
anton_lod@ukr.net:taekwondo	Name = Not
theo9028@yahoo.co.uk:fghjkl9028	Name =
sscharf1@gmail.com:ahsnh8j8	Name = Mav
miro.suominen90@suomi24.fi:plu5tervey5
wood.michael11@gmail.com:chicko123	Na
emrecanberktas97@hotmail.com:emreber97
jason.boissiere@gmail.com:insecure	Na
gweno7cabw@gmail.com:0081012M	Name =
joshredleader@hotmail.co.uk:xbox360	Na
daedae.t88@gmail.com:24TEXAS24	Name =
chantome76@yahoo.fr:nico76430	Name =
fccocco@bol.com.br:eu17917119	Name =
bigbubbag99@gmail.com:jessica06	Name =
jerneic.marko1@gmail.com:Zagreb123	Na
patasvoboda@seznam.cz:mikesek1	Name =
axelbnovo@hotmail.com:xperiax8	Name =
m.rojassainz@gmail.com:miguel00	Name =
kevin.montjean@hotmail.fr:Alexis95	Na
stopspammingme888@gmail.com:logan321
FabioOtakuGamerVZLA@outlook.com:olakea
egrbomb@gmail.com:1972bnbn	Name = Chi
scorpionblue77@gmail.com:oct312005	Na
niklasvonessen@web.de:gizmo123	Name =
hanneselvstrom03@outlook.com:pepsi2010
muffkins90@gmail.com:commo1990	Name =
gjdpinkerton@gmail.com:abc123	Name =
jacopo.gandolfo@hotmail.it:jacopo96	Na
chyyllyy@gmail.com:1q2w3e	Name = Bla
ds340340@mail.ru:prosto086	Name = Sna
tristond95@gmail.com:hefiloveu	Name =
ncgmjk33@gmail.com:ncgmjk33	Name = Tri
andyolson09@gmail.com:axnuck5y	Name =
steve_rabi2@yahoo.com:shadow8	Name =
pol-lecointe@hotmail.fr:17122001	Na
paul.zer97@yahoo.de:paulzer97	Name =
knaster1992@hotmail.com:DUE6p4cs	Na
arifdover@gmail.com:asdfqwer	Name =
Charlesnihart@live.com:dragn1997	Na
camjhall@gmail.com:cameron1	Name = C-R
redbusterbox@gmail.com:jakebox12	Na
t.marcotte@hotmail.ca:orange99	Name =
bwircenske@gmail.com:packers11	Name =
tadulelisss@gmail.com:kiaule	Name =
ROTT3N_INC@yahoo.com:Addison02	Name =
Musterjunge2000@gmail.com:Lseu0801	Na
acd1@aol.com:tubby123	Name = acd1	Ra
sirsven31@gmail.com:Hertha23	Name =
david26061998@hotmail.com:Frederic1	Na
joan97joan@gmail.com:sasuke12	Name =
malikmadkins11@gmail.com:mjm115171	Na
mschmitt1217@gmail.com:giants45	Name =
garan2314@gmail.com:babyhulk9980	Na
cornpwner@yahoo.com:098poilkj	Name =
jakob.glanninger@gmail.com:jajach410
lordetl13@gmail.com:hullu123	Name =
Nesher.hahamkan@gmail.com:ronush6	Na
lefebvre.maxou@gmail.com:loulou69	Na
dima.horesh@gmail.com:Qe123654	Name =
emredelioglann@gmail.com:tgxs2545	Na
wiglef51@gmail.com:9638527p	Name = Fox
brendenornelas@yahoo.com:Brenden01	Na
x.halo.x@windowslive.com:1234qwer	Na
rick@ricklabanca.com:ka1ezeni	Name =
jamesdmcclafferty@gmail.com:x1415926
jjournell1987@gmail.com:cynthia1	Na
liizman15@yahoo.com:madmike15	Name =
paradysso_mp@hotmail.com:imposible	Na
lucas-cool@t-online.de:lussi0402	Na
shirlandesman@gmail.com:landesman	Na
theonlyrascal@gmail.com:esps2000	Na
cesuralgos@gmail.com:p49837964	Name =
maxmz210@aol.com:cherub30	Name = max
m3talh3ad247@yahoo.com:emmure24	Name =
hsnapdragon@gmail.com:khongco	Name =
costapietro88@gmail.com:lgnexus5	Na
supermanrand@yahoo.com:sa0077	Name =
klipsa6000@yahoo.fr:assimil91	Name =
galyk@galyk.com:whosedamanly1	Name =
emanius@hotmail.com:internet	Name =
sylver999@alice.it:scudetto	Name = HiR
markun@gmx.at:patrick123	Name = paZ
exfuga@gmail.com:efg21703	Name = Tur
falcorr@gmail.com:dakota98	Name = Sam
kevinfire532@gmail.com:kevin532	Name =
michaelts882@gmail.com:mother41	Name =
stelios21maggas@yahoo.gr:aekara21	Na
fisher.hazel1@gmail.com:Dubai123	Na
theflyhigh4@gmail.com:joey2002	Name =
batuhanozkurt@hotmail.com:king6565	Na
benjamin.hillen@gmail.com:Iliana10	Na
kagansadic@yahoo.com:asdasdasd	Name =
jobofu@web.de:jooris97	Name = Joorror
ly.ya.nah@hotmail.fr:renaud83	Name =
vladimirb98@gmail.com:vlad1998	Name =
tommyceder@hotmail.com:avon1010	Name =
allan_gonin@live.fr:Loula123	Name =
theminecraftstaril@gmail.com:ttamir12
nolk12@hotmail.com:plakes12	Name = Spa
ulmer.william@gmail.com:1ndiglo1	Na
lolmcpelol@gmail.com:an062005	Name =
markus_500@web.de:Markuseier2	Name =
deniswackos2@gmail.com:cinque5	Name =
reaperpro@hotmail.com:shedatear	Name =
tylerchamp15@gmail.com:franky123	Na
saidelmguenni@live.fr:parkour92	Name =
michaelully@gmail.com:Michi132	Name =
ftards@gmail.com:Monkey00	Name = min
dillansenner@yahoo.com:tobin123	Name =
walcott18@yahoo.com:trek196swag939	Na
guillaume.f.flament@hotmail.fr:0501gui
schnjtzer@gmail.com:memo1234	Name =
fam0uss-x3@hotmail.fr:5355wl	Name =
edwardovsep@yahoo.com:eddy1994	Name =
yo.fujiso@gmail.com:tobogan	Name = Off
calvin_oneill@hotmail.com:ce0405go	Na
mandrake_dani@yahoo.com.ar:mandrake	Na
michaily@yahoo.com:emanuelle	Name =
rutter.jacob@gmail.com:airforce1	Na
flo-floriian-du80@hotmail.fr:flo500111
bry49r@yahoo.com:niners123	Name = Iri
aguilera31780@hotmail.com:tristan01	Na
taidgh_carr@hotmail.com:babyblade	Na
alexstorm0503@gmail.com:Alex0503	Na
info.chryglam@gmail.com:snow0082	Na
mahmu10@gmail.com:mahmut10	Name = sik
cohonescutter@gmail.com:scutter01	Na
nam3le5z@gmail.com:vietthanh	Name =
nolikayudha@gmail.com:15051979	Name =
jjgreenman@yahoo.ca:crosby87	Name =
willcunning9@gmail.com:Oscar123	Name =
sean@pyenet.net:121212qw	Name = Deu
mtchlltrcy1@gmail.com:Thebomb01	Name =
imawesome2012@yahoo.com:imnumber1	Na
mickpissard@hotmail.fr:apolleon	Name =
nl.lhermite@gmail.com:1231234	Name =
rannuliinve@gmail.com:Skittles123	Na
tolga.yildirim077@gmail.com:tolga456
markjr1025@gmail.com:peanut1	Name =
makyzz@yahoo.com:carma11pa	Name = Mit
srwaffles23@gmail.com:panama23	Name =
kaan.birol2@hotmail.com:kaan1998	Na
benoudm@gmail.com:nuttella	Name = Ben
bozcelik1907@hotmail.com:berkay1907	Na
leoleokidd@yahoo.ca:kkkkkkkk	Name =
nabilnz@hotmail.com:muhamad67	Name =
bob.churchill@gmail.com:jimjim11	Na
edwinhaffner@hotmail.com:newton	Name =
ptrverjans@gmail.com:nzw6ffbc	Name =
seanq8@gmail.com:giants10	Name = ske
3ozer237@mynet.com:ozer237ozer	Name =
sadikone1@yahoo.com:ducray	Name = Off
gmax@orange.fr:maxou100	Name = Gmax	Ra
majko585@hotmail.com:number10	Name =
matthewcollins062584@gmail.com:acid190
andreamarcovaldi@yahoo.it:sparta89	Na
aksi@hotmail.se:egypten	Name = Wild go
youngremix123@yahoo.com:jayden13	Na
jaydenjohnson59@yahoo.com:smallz96	Na
henrykmadam@aol.de:Spiel333	Name = Gut
martensderrick@yahoo.com:kaylam210	Na
cagataysapcili@yandex.com:asdqwe123	Na
aiwarasak@gmail.com:kaniukai	Name =
vedant.sabadra@gmail.com:Vida2895	Na
apurplehamster@gmail.com:Swimmy23	Na
beratbigec1@gmx.de:Dadasss1	Name = Lab
tony.mihelich@gmail.com:stang68	Name =
christoph.zanitzer@hotmail.com:rapid00
tbranscome11@gmail.com:seattle0	Name =
pranavbawa@hotmail.co.uk:elephants	Na
steelzelda@live.com:slaves123	Name =
heini8820@icloud.com:Protius99	Name =
tuniekonematei@gmail.com:wordlife	Na
Everton_1997@hotmail.co.uk:declan99	Na
connor.nowlin@verizon.net:neo333	Na
duartepratas.ramos@gmail.com:barbosa56
cincin510.wc@gmail.com:ch5101999	Na
pastor016@hotmail.com:martayhugo1	Na
oweo123@yahoo.com:Deuce123	Name = Lur
jthawkins74@yahoo.com:0218todd	Name =
sasker94.fl@gmail.com:sasuker94	Name =
lusitanodu955@hotmail.com:sophie13	Na
mek.duk@mail.ru:ymka1000	Name = nof
antoninmichel@gmail.com:killerman	Na
nek.dream@gmail.com:sasuke83	Name =
sohansonu707@gmail.com:bigboss	Name =
kehrb33@gmail.com:matrix5t	Name = Kan
paulking29935@yahoo.com:portroyal29935
blinky00849@googlemail.com:nomads07	Na
Djshy@live.de:bk2cbnptt	Name = Mfjones
serbest.youko@gmail.com:koray1410	Na
valentin.d41@gmail.com:poulain11	Na
timrocks@gmail.com:babylon9	Name = 153
juhanitoni@hotmail.com:thyphoon1	Na
trianglenine@aol.com:acdc12	Name = tri
zeeivideos@gmail.com:zolika13	Name =
luigi.dupuis@gmail.com:Bambou	Name =
josephtneff@gmail.com:number60	Name =
beniiijoldis@yahoo.com:beniamin	Name =
jaydeevinaviles@yahoo.com:Incorrect17
dominykasgo@yahoo.com:pureice01	Name =
arasskal@gmail.com:aramegas	Name = The
jasonf1399@hotmail.com:latino13	Name =
wheeler342@gmail.com:passport1	Name =
freepollo34@yahoo.com:dallas214	Name =
gamercubeeyes@gmail.com:grenade3	Na
luis_escamilla99@outlook.com:luis2508
dakotatylerlaci@gmail.com:qwerty66	Na
ekonya@msn.com:brunika33	Name = Poc
mickman14@gmail.com:saviour2	Name =
daniel.united@windowslive.com:p7352489
rayray1871@gmail.com:babyboy31	Name =
alexmelisko@gmail.com:altec999	Name =
simon.boillat@hotmail.ch:boillat96	Na
nagy.varga.adam@gmail.com:huba2008	Na
ibrahimi_08ali@hotmail.co.uk:ferrari1
ajohnson2@ymail.com:riprnj15	Name =
mattis3368@gmail.com:Mm342001	Name =
riverbluu@aol.com:11friday	Name = Hig
gobi4624@gmail.com:hellogobi	Name =
ali.s1372@yahoo.com:aliali72	Name =
nagadzhanyan23@gmail.com:mjallen23	Na
cosminact97@gmail.com:cosmin97	Name =
respect4noodles@hotmail.com:eleos123
loryda@gmail.com:Disney3463	Name = Aja
bryceallenruff@outlook.com:BloodElf1
dexplaya@hotmail.com:propropro	Name =
specialleutnant@gmail.com:caniko2000
ugur-_-can@hotmail.com:ai3kfrdiw	Na
haziqzag@live.com:haziq1995	Name = 2Pa
andresfelipenaviasolocali@hotmail.com:
trevor.bailey@ihug.co.nz:cwpb5eek	Na
pinipon10bcn@hotmail.com:egoitz007	Na
qnoob@hotmail.fr:bysharp24917	Name =
sam_is_rat@hotmail.com:charlie09	Na
rvatansevertr@gmail.com:rapex1207	Na
gangstarr_flo@yahoo.com:stan4o	Name =
reaper.duke@gmail.com:841996ii	Name =
lindholmjohannes@gmail.com:party1551
Bluebirdx@comcast.net:bj404162	Name =
mamawqwq@gmail.com:cipe2134	Name = Flu
dragon.77@live.fr:nenette	Name = NoL
willy_medeiros@hotmail.com:medeiros3
jonahchhuoy@gmail.com:jay239716	Name =
eliotceoff@gmail.com:Mcraft2150	Name =
coolboymark@live.co.uk:summer123	Na
manuelkallies@icloud.com:Geheim17	Na
frequentsounds243@hotmail.ca:WSmusic21
denniser8@gmail.com:porditsa	Name =
ahliang0107@gmail.com:liang123	Name =
joserigole@hotmail.fr:maison26	Name =
venyz@seznam.cz:mazda323	Name = Jac
Joetootell@hotmail.co.uk:cooldude1	Na
mrmarrero@gmail.com:amltouv8	Name =
joeyjajou@gmail.com:korgpa800	Name =
loene-poen@hotmail.com:kutnel12	Name =
thegodfather122@gmail.com:Wright123	Na
tlocasci@cablevision.com:21312131	Na
jeko562@gmail.com:ando1997	Name = and
ri_bs@hotmail.com:9ayfqmbi	Name = Pol
jason403222@gmail.com:Shui9999	Name =
crocket31@hotmail.fr:a26091984	Name =
sylvain_mzl@hotmail.fr:Freelol274	Na